{
    "__metadata__": {
        "version": 1,
        "tolerance": 4
    },
    "Localhost/fio/0000:./read-1024KiB/latency/clat.mean": {
        "equation": [
            0.0008821502412129578,
            -101.89766689639313
        ],
        "raw": 115510.558333333
    },
    "Localhost/fio/0000:./read-1024KiB/latency/lat.mean": {
        "equation": [
            0.0006961091847256256,
            -100.41305958839641
        ],
        "raw": 144249.008333333
    },
    "Localhost/fio/0000:./read-1024KiB/latency/slat.mean": {
        "equation": [
            0.0032862531921157767,
            -93.70928982699371
        ],
        "raw": 28515.54166666665
    },
    "Localhost/fio/0000:./read-1024KiB/throughput/iops_sec.mean": {
        "equation": [
            0.01624281633917178,
            -107.8116934512527
        ],
        "raw": 6637.5
    },
    "Localhost/fio/0000:./read-4KiB/latency/clat.mean": {
        "equation": [
            0.0006369108019594199,
            -105.76427878143377
        ],
        "raw": 165807.2683333334
    },
    "Localhost/fio/0000:./read-4KiB/latency/lat.mean": {
        "equation": [
            0.0006200611396255084,
            -105.73309313229765
        ],
        "raw": 170260.75499999998
    },
    "Localhost/fio/0000:./read-4KiB/latency/slat.mean": {
        "equation": [
            0.02403194500908411,
            -104.33320437403336
        ],
        "raw": 4332.539999999999
    },
    "Localhost/fio/0000:./read-4KiB/throughput/iops_sec.mean": {
        "equation": [
            0.0006054470965131463,
            -108.53458698633347
        ],
        "raw": 179348.46101694903
    },
    "Localhost/fio/0000:./read-64KiB/latency/clat.mean": {
        "equation": [
            0.0008787662239384729,
            -110.0
        ],
        "raw": 125175.49833333341
    },
    "Localhost/fio/0000:./read-64KiB/latency/lat.mean": {
        "equation": [
            0.0008435015205073443,
            -110.0
        ],
        "raw": 130408.77499999982
    },
    "Localhost/fio/0000:./read-64KiB/latency/slat.mean": {
        "equation": [
            0.019450634510641777,
            -99.80738802881153
        ],
        "raw": 5111.543333333333
    },
    "Localhost/fio/0000:./read-64KiB/throughput/iops_sec.mean": {
        "equation": [
            0.0010947138310092443,
            -109.99999999999982
        ],
        "raw": 100482.88135593213
    },
    "Localhost2/fio/0000:./read-4KiB/latency/clat.mean": {
        "equation": [
            0.000679317059915765,
            -109.99999999999982
        ],
        "raw": 161927.333333333
    },
    "Localhost2/fio/0000:./read-4KiB/latency/lat.mean": {
        "equation": [
            0.0006614352483453833,
            -110.0
        ],
        "raw": 166305.016666667
    },
    "Localhost2/fio/0000:./read-4KiB/latency/slat.mean": {
        "equation": [
            0.025818464896667358,
            -109.99999999999964
        ],
        "raw": 4260.51666666667
    },
    "Localhost2/fio/0000:./read-4KiB/throughput/iops_sec.mean": {
        "equation": [
            0.0005986617097354123,
            -110.0
        ],
        "raw": 183743.169491525
    },
    "Localhost2/fio/0000:./read-64KiB/latency/clat.mean": {
        "equation": [
            0.0008985432367773731,
            -109.99999999999982
        ],
        "raw": 122420.375
    },
    "Localhost2/fio/0000:./read-64KiB/latency/lat.mean": {
        "equation": [
            0.0008625283948268183,
            -110.0
        ],
        "raw": 127532.033333333
    },
    "Localhost2/fio/0000:./read-64KiB/latency/slat.mean": {
        "equation": [
            0.022034594313071525,
            -110.0
        ],
        "raw": 4992.15
    },
    "Localhost2/fio/0000:./read-64KiB/throughput/iops_sec.mean": {
        "equation": [
            0.0010647768217937675,
            -110.0
        ],
        "raw": 103308.033898305
    }
}