{
    "__metadata__": {
        "version": 2,
        "tolerance": 4
    },
    "Localhost/fio/0000:./read-1024KiB/latency/clat.mean": {
        "equation": [
            0.0008821502412129578,
            -101.89766689639313
        ],
        "raw": 115510.558333333,
        "mmin": -3.925506954017995,
        "mmax": 3.925506954017995
    },
    "Localhost/fio/0000:./read-1024KiB/latency/lat.mean": {
        "equation": [
            0.0006961091847256256,
            -100.41305958839641
        ],
        "raw": 144249.008333333,
        "mmin": -3.9835455830112423,
        "mmax": 3.983545583011222
    },
    "Localhost/fio/0000:./read-1024KiB/latency/slat.mean": {
        "equation": [
            0.0032862531921157767,
            -93.70928982699371
        ],
        "raw": 28515.54166666665,
        "mmin": -4.268520236771416,
        "mmax": 4.268520236771416
    },
    "Localhost/fio/0000:./read-1024KiB/throughput/iops_sec.mean": {
        "equation": [
            0.01624281633917178,
            -107.8116934512527
        ],
        "raw": 6637.5,
        "mmin": -3.7101726834562783,
        "mmax": 3.7101726834562783
    },
    "Localhost/fio/0000:./read-4KiB/latency/clat.mean": {
        "equation": [
            0.0006700189950385082,
            -109.99999999999982
        ],
        "raw": 164174.45,
        "mmin": -3.6363636363636425,
        "mmax": 3.6363636363636425
    },
    "Localhost/fio/0000:./read-4KiB/latency/lat.mean": {
        "equation": [
            0.0006200611396255084,
            -105.73309313229765
        ],
        "raw": 170260.75499999998,
        "mmin": -3.6363636363636447,
        "mmax": 3.9413976129337795
    },
    "Localhost/fio/0000:./read-4KiB/latency/slat.mean": {
        "equation": [
            0.02403194500908411,
            -104.33320437403336
        ],
        "raw": 4332.539999999999,
        "mmin": -3.6363636363636385,
        "mmax": 4.047125550677675
    },
    "Localhost/fio/0000:./read-4KiB/throughput/iops_sec.mean": {
        "equation": [
            0.0006054470965131463,
            -108.53458698633347
        ],
        "raw": 179348.46101694903,
        "mmin": -3.7310682909565887,
        "mmax": 3.6363636363636447
    },
    "Localhost/fio/0000:./read-64KiB/latency/clat.mean": {
        "equation": [
            0.0008787662239384729,
            -110.0
        ],
        "raw": 125175.49833333341,
        "mmin": -3.6363636363636322,
        "mmax": 3.6363636363636322
    },
    "Localhost/fio/0000:./read-64KiB/latency/lat.mean": {
        "equation": [
            0.0008435015205073443,
            -110.0
        ],
        "raw": 130408.77499999982,
        "mmin": -3.6363636363636385,
        "mmax": 3.6363636363636385
    },
    "Localhost/fio/0000:./read-64KiB/latency/slat.mean": {
        "equation": [
            0.019450634510641777,
            -99.80738802881153
        ],
        "raw": 5111.543333333333,
        "mmin": -3.6363636363636367,
        "mmax": 4.410083582062367
    },
    "Localhost/fio/0000:./read-64KiB/throughput/iops_sec.mean": {
        "equation": [
            0.0010947138310092443,
            -109.99999999999982
        ],
        "raw": 100482.88135593213,
        "mmin": -3.636363636363644,
        "mmax": 3.636363636363644
    },
    "Localhost2/fio/0000:./read-4KiB/latency/clat.mean": {
        "equation": [
            0.000679317059915765,
            -109.99999999999982
        ],
        "raw": 161927.333333333,
        "mmin": -3.6363636363636416,
        "mmax": 3.6363636363636416
    },
    "Localhost2/fio/0000:./read-4KiB/latency/lat.mean": {
        "equation": [
            0.0006614352483453833,
            -110.0
        ],
        "raw": 166305.016666667,
        "mmin": -3.636363636363639,
        "mmax": 3.636363636363639
    },
    "Localhost2/fio/0000:./read-4KiB/latency/slat.mean": {
        "equation": [
            0.025818464896667358,
            -109.99999999999964
        ],
        "raw": 4260.51666666667,
        "mmin": -3.636363636363646,
        "mmax": 3.636363636363646
    },
    "Localhost2/fio/0000:./read-4KiB/throughput/iops_sec.mean": {
        "equation": [
            0.0005986617097354123,
            -110.0
        ],
        "raw": 183743.169491525,
        "mmin": -3.6363636363636354,
        "mmax": 3.6363636363636354
    },
    "Localhost2/fio/0000:./read-64KiB/latency/clat.mean": {
        "equation": [
            0.0008985432367773731,
            -109.99999999999982
        ],
        "raw": 122420.375,
        "mmin": -3.636363636363644,
        "mmax": 3.636363636363644
    },
    "Localhost2/fio/0000:./read-64KiB/latency/lat.mean": {
        "equation": [
            0.0008625283948268183,
            -110.0
        ],
        "raw": 127532.033333333,
        "mmin": -3.6363636363636367,
        "mmax": 3.6363636363636367
    },
    "Localhost2/fio/0000:./read-64KiB/latency/slat.mean": {
        "equation": [
            0.022034594313071525,
            -110.0
        ],
        "raw": 4992.15,
        "mmin": -3.6363636363636362,
        "mmax": 3.6363636363636362
    },
    "Localhost2/fio/0000:./read-64KiB/throughput/iops_sec.mean": {
        "equation": [
            0.0010647768217937675,
            -110.0
        ],
        "raw": 103308.033898305,
        "mmin": -3.636363636363639,
        "mmax": 3.636363636363639
    }
}